[
  {
    "productId": "123",
    "categoryId": "103",
    "name": "저당 그래놀라 150g",
    "originalPrice": "12000",
    "discountPrice": "\"\"",
    "coupon": "\"\"",
    "productInfo": "냉동|냉동(종이포장)|출고일 기준, 소비기한 100일 이내의 상품을 보내드립니다.|\"\"",
    "detail_filed": "\"\"",
    "description": "설명",
    "simple_description": "간략설명",
    "image_url": "/img/1/123.jpg",
    "image_alt": "저당 그래놀라 150g"
  },
  {
    "productId": "120",
    "categoryId": "103",
    "name": "시나몬 그래놀라 150g",
    "originalPrice": "9000",
    "discountPrice": "\"\"",
    "coupon": "10|베스트 리뷰어 ",
    "productInfo": "냉동|냉동(종이포장)|출고일 기준, 소비기한 100일 이내의 상품을 보내드립니다.|\"\"",
    "detail_filed": "\"\"",
    "description": "설명",
    "simple_description": "간략설명",
    "image_url": "/img/1/120.jpg",
    "image_alt": "시나몬 그래놀라 150g"
  },
  {
    "productId": "111",
    "categoryId": "102",
    "name": "샐러드 샌드위치 7종 (택1)",
    "originalPrice": "4900",
    "discountPrice": "\"\"",
    "coupon": "5|회원 특별 ",
    "productInfo": "냉동|냉동(종이포장)|출고일 기준, 소비기한 100일 이내의 상품을 보내드립니다.|\"\"",
    "detail_filed": "\"\"",
    "description": "설명",
    "simple_description": "간략설명",
    "image_url": "/img/1/111.jpg",
    "image_alt": "샐러드 샌드위치 7종 (택1)"
  },
  {
    "productId": "156",
    "categoryId": "301",
    "name": "토마토 사과 당근즙 30포",
    "originalPrice": "18900",
    "discountPrice": "16900",
    "coupon": "10|베스트 리뷰어 ",
    "productInfo": "냉동|냉동(종이포장)|출고일 기준, 소비기한 100일 이내의 상품을 보내드립니다.|\"\"",
    "detail_filed": "\"\"",
    "description": "설명",
    "simple_description": "간략설명",
    "image_url": "/img/3/156.jpg",
    "image_alt": "토마토 사과 당근즙 30포"
  },
  {
    "productId": "115",
    "categoryId": "102",
    "name": "싱그러운 유러피안 샐러드믹스 2종",
    "originalPrice": "3990",
    "discountPrice": "\"\"",
    "coupon": "5|회원 특별 ",
    "productInfo": "냉동|냉동(종이포장)|출고일 기준, 소비기한 100일 이내의 상품을 보내드립니다.|\"\"",
    "detail_filed": "\"\"",
    "description": "설명",
    "simple_description": "간략설명",
    "image_url": "/img/1/115.jpg",
    "image_alt": "싱그러운 유러피안 샐러드믹스 2종"
  },
  {
    "productId": "110",
    "categoryId": "102",
    "name": "골라 먹는 샌드위치 6종 (택1)",
    "originalPrice": "5000",
    "discountPrice": "4250",
    "coupon": "10|가을 기획전 ",
    "productInfo": "냉동|냉동(종이포장)|출고일 기준, 소비기한 100일 이내의 상품을 보내드립니다.|\"\"",
    "detail_filed": "\"\"",
    "description": "설명",
    "simple_description": "간략설명",
    "image_url": "/img/1/110.jpg",
    "image_alt": "골라 먹는 샌드위치 6종 (택1)"
  },
  {
    "productId": "130",
    "categoryId": "201",
    "name": "BYOCORE 500억 유산균 (30일분)",
    "originalPrice": "11900",
    "discountPrice": "\"\"",
    "coupon": "10|가을 기획전 ",
    "productInfo": "냉동|냉동(종이포장)|출고일 기준, 소비기한 100일 이내의 상품을 보내드립니다.|\"\"",
    "detail_filed": "\"\"",
    "description": "설명",
    "simple_description": "간략설명",
    "image_url": "/img/2/130.jpg",
    "image_alt": "BYOCORE 500억 유산균 (30일분)"
  },
  {
    "productId": "150",
    "categoryId": "206",
    "name": "지노프레쉬 질유산균 & 비피더스 100억 (30일분)",
    "originalPrice": "12900",
    "discountPrice": "\"\"",
    "coupon": "10|가을 기획전 ",
    "productInfo": "냉동|냉동(종이포장)|출고일 기준, 소비기한 100일 이내의 상품을 보내드립니다.|\"\"",
    "detail_filed": "\"\"",
    "description": "설명",
    "simple_description": "간략설명",
    "image_url": "/img/2/150.jpg",
    "image_alt": "지노프레쉬 질유산균 & 비피더스 100억 (30일분)"
  },
  {
    "productId": "141",
    "categoryId": "203",
    "name": "데일리키즈 프로바이오틱스 유산균 1통 (30일분) 2종 (택1)",
    "originalPrice": "17900",
    "discountPrice": "13900",
    "coupon": "5|신규회원  ",
    "productInfo": "냉동|냉동(종이포장)|출고일 기준, 소비기한 100일 이내의 상품을 보내드립니다.|\"\"",
    "detail_filed": "\"\"",
    "description": "설명",
    "simple_description": "간략설명",
    "image_url": "/img/2/141.jpg",
    "image_alt": "데일리키즈 프로바이오틱스 유산균 1통 (30일분) 2종 (택1)"
  },
  {
    "productId": "104",
    "categoryId": "101",
    "name": "삼선 해물 누룽지탕",
    "originalPrice": "9900",
    "discountPrice": "\"\"",
    "coupon": "\"\"",
    "productInfo": "냉동|냉동(종이포장)|출고일 기준, 소비기한 100일 이내의 상품을 보내드립니다.|\"\"",
    "detail_filed": "\"\"",
    "description": "설명",
    "simple_description": "간략설명",
    "image_url": "/img/1/104.jpg",
    "image_alt": "삼선 해물 누룽지탕"
  },
  {
    "productId": "124",
    "categoryId": "103",
    "name": "점보 오트밀 2종 (택1)",
    "originalPrice": "8900",
    "discountPrice": "7280",
    "coupon": "\"\"",
    "productInfo": "냉동|냉동(종이포장)|출고일 기준, 소비기한 100일 이내의 상품을 보내드립니다.|\"\"",
    "detail_filed": "\"\"",
    "description": "설명",
    "simple_description": "간략설명",
    "image_url": "/img/1/124.jpg",
    "image_alt": "점보 오트밀 2종 (택1)"
  },
  {
    "productId": "145",
    "categoryId": "205",
    "name": "당뇨식 200ml 30팩",
    "originalPrice": "6500",
    "discountPrice": "\"\"",
    "coupon": "\"\"",
    "productInfo": "냉동|냉동(종이포장)|출고일 기준, 소비기한 100일 이내의 상품을 보내드립니다.|\"\"",
    "detail_filed": "\"\"",
    "description": "설명",
    "simple_description": "간략설명",
    "image_url": "/img/2/145.jpg",
    "image_alt": "당뇨식 200ml 30팩"
  },
  {
    "productId": "135",
    "categoryId": "202",
    "name": "알티지 오메가3 프리미엄 (30일분)",
    "originalPrice": "28990",
    "discountPrice": "24990",
    "coupon": "5|회원 특별 ",
    "productInfo": "냉동|냉동(종이포장)|출고일 기준, 소비기한 100일 이내의 상품을 보내드립니다.|\"\"",
    "detail_filed": "\"\"",
    "description": "설명",
    "simple_description": "간략설명",
    "image_url": "/img/2/135.jpeg",
    "image_alt": "알티지 오메가3 프리미엄 (30일분)"
  },
  {
    "productId": "125",
    "categoryId": "103",
    "name": "오트 펍스 300g",
    "originalPrice": "12900",
    "discountPrice": "11900",
    "coupon": "\"\"",
    "productInfo": "냉동|냉동(종이포장)|출고일 기준, 소비기한 100일 이내의 상품을 보내드립니다.|\"\"",
    "detail_filed": "\"\"",
    "description": "설명",
    "simple_description": "간략설명",
    "image_url": "/img/1/125.jpg",
    "image_alt": "오트 펍스 300g"
  },
  {
    "productId": "107",
    "categoryId": "101",
    "name": "쉬림프 바질 크림 파스타",
    "originalPrice": "12900",
    "discountPrice": "\"\"",
    "coupon": "\"\"",
    "productInfo": "냉동|냉동(종이포장)|출고일 기준, 소비기한 100일 이내의 상품을 보내드립니다.|\"\"",
    "detail_filed": "\"\"",
    "description": "설명",
    "simple_description": "간략설명",
    "image_url": "/img/1/107.jpg",
    "image_alt": "쉬림프 바질 크림 파스타"
  },
  {
    "productId": "108",
    "categoryId": "101",
    "name": "유산슬",
    "originalPrice": "14900",
    "discountPrice": "12500",
    "coupon": "\"\"",
    "productInfo": "냉동|냉동(종이포장)|출고일 기준, 소비기한 100일 이내의 상품을 보내드립니다.|\"\"",
    "detail_filed": "\"\"",
    "description": "설명",
    "simple_description": "간략설명",
    "image_url": "/img/1/108.jpg",
    "image_alt": "유산슬"
  },
  {
    "productId": "113",
    "categoryId": "102",
    "name": "잠봉뵈르 샌드위치 (리뉴얼)",
    "originalPrice": "8900",
    "discountPrice": "\"\"",
    "coupon": "5|신규회원  ",
    "productInfo": "냉동|냉동(종이포장)|출고일 기준, 소비기한 100일 이내의 상품을 보내드립니다.|\"\"",
    "detail_filed": "\"\"",
    "description": "설명",
    "simple_description": "간략설명",
    "image_url": "/img/1/113.jpg",
    "image_alt": "잠봉뵈르 샌드위치 (리뉴얼)"
  },
  {
    "productId": "128",
    "categoryId": "104",
    "name": "차돌듬뿍 묵은지 볶음밥",
    "originalPrice": "15900",
    "discountPrice": "14600",
    "coupon": "\"\"",
    "productInfo": "냉동|냉동(종이포장)|출고일 기준, 소비기한 100일 이내의 상품을 보내드립니다.|\"\"",
    "detail_filed": "\"\"",
    "description": "설명",
    "simple_description": "간략설명",
    "image_url": "/img/1/128.jpeg",
    "image_alt": "차돌듬뿍 묵은지 볶음밥"
  },
  {
    "productId": "139",
    "categoryId": "203",
    "name": "트루바이타민 (30일분)",
    "originalPrice": "6000",
    "discountPrice": "5000",
    "coupon": "5|회원 특별 ",
    "productInfo": "냉동|냉동(종이포장)|출고일 기준, 소비기한 100일 이내의 상품을 보내드립니다.|\"\"",
    "detail_filed": "\"\"",
    "description": "설명",
    "simple_description": "간략설명",
    "image_url": "/img/2/139.jpg",
    "image_alt": "트루바이타민 (30일분)"
  }
]