[
  {
    "productId": "101",
    "categoryId": "101",
    "name": "돈코츠 라멘",
    "originalPrice": "7900",
    "discountPrice": "6900",
    "coupon": "5|신규회원  ",
    "productInfo": "냉동|냉동(종이포장)|출고일 기준, 소비기한 100일 이내의 상품을 보내드립니다.|\"\"",
    "detail_filed": "\"\"",
    "description": "설명",
    "simple_description": "간략설명",
    "image_url": "/img/1/101.jpg",
    "image_alt": "돈코츠 라멘",
    "stock": "200",
    "rating": "4.8",
    "reviews": "230",
    "badges": "S",
    "seo_title": "유기농 아몬드 | 이너뷰티 | 쇼핑몰 이름",
    "seo_description": "자연 그대로의 유기농 아몬드, 간편하게 에너지를 충전하세요. 쇼핑몰에서 빠른 배송으로 만나보세요."
  },
  {
    "productId": "102",
    "categoryId": "101",
    "name": "바지락 술찜 파스타",
    "originalPrice": "12900",
    "discountPrice": "\"\"",
    "coupon": "10|가을 기획전 ",
    "productInfo": "냉동|냉동(종이포장)|출고일 기준, 소비기한 100일 이내의 상품을 보내드립니다.|\"\"",
    "detail_filed": "\"\"",
    "description": "설명",
    "simple_description": "간략설명",
    "image_url": "/img/1/102.jpg",
    "image_alt": "바지락 술찜 파스타",
    "stock": "20",
    "rating": "4.9",
    "reviews": "10",
    "badges": "N",
    "seo_title": "유기농 아몬드 | 이너뷰티 | 쇼핑몰 이름",
    "seo_description": "자연 그대로의 유기농 아몬드, 간편하게 에너지를 충전하세요. 쇼핑몰에서 빠른 배송으로 만나보세요."
  },
  {
    "productId": "103",
    "categoryId": "101",
    "name": "바질페스토 파스타 샐러드",
    "originalPrice": "7200",
    "discountPrice": "\"\"",
    "coupon": "\"\"",
    "productInfo": "냉동|냉동(종이포장)|출고일 기준, 소비기한 100일 이내의 상품을 보내드립니다.|\"\"",
    "detail_filed": "\"\"",
    "description": "설명",
    "simple_description": "간략설명",
    "image_url": "/img/1/103.jpg",
    "image_alt": "바질페스토 파스타 샐러드",
    "stock": "50",
    "rating": "4.6",
    "reviews": "20",
    "badges": "\"\"",
    "seo_title": "유기농 아몬드 | 이너뷰티 | 쇼핑몰 이름",
    "seo_description": "자연 그대로의 유기농 아몬드, 간편하게 에너지를 충전하세요. 쇼핑몰에서 빠른 배송으로 만나보세요."
  },
  {
    "productId": "104",
    "categoryId": "101",
    "name": "삼선 해물 누룽지탕",
    "originalPrice": "9900",
    "discountPrice": "\"\"",
    "coupon": "\"\"",
    "productInfo": "냉동|냉동(종이포장)|출고일 기준, 소비기한 100일 이내의 상품을 보내드립니다.|\"\"",
    "detail_filed": "\"\"",
    "description": "설명",
    "simple_description": "간략설명",
    "image_url": "/img/1/104.jpg",
    "image_alt": "삼선 해물 누룽지탕",
    "stock": "30",
    "rating": "4",
    "reviews": "50",
    "badges": "\"\"",
    "seo_title": "유기농 아몬드 | 이너뷰티 | 쇼핑몰 이름",
    "seo_description": "자연 그대로의 유기농 아몬드, 간편하게 에너지를 충전하세요. 쇼핑몰에서 빠른 배송으로 만나보세요."
  },
  {
    "productId": "105",
    "categoryId": "101",
    "name": "새우칼국수",
    "originalPrice": "9900",
    "discountPrice": "8900",
    "coupon": "\"\"",
    "productInfo": "냉동|냉동(종이포장)|출고일 기준, 소비기한 100일 이내의 상품을 보내드립니다.|\"\"",
    "detail_filed": "\"\"",
    "description": "설명",
    "simple_description": "간략설명",
    "image_url": "/img/1/105.jpg",
    "image_alt": "새우칼국수",
    "stock": "90",
    "rating": "4.5",
    "reviews": "42",
    "badges": "S",
    "seo_title": "유기농 아몬드 | 이너뷰티 | 쇼핑몰 이름",
    "seo_description": "자연 그대로의 유기농 아몬드, 간편하게 에너지를 충전하세요. 쇼핑몰에서 빠른 배송으로 만나보세요."
  },
  {
    "productId": "106",
    "categoryId": "101",
    "name": "소고기 샤브탕",
    "originalPrice": "7900",
    "discountPrice": "7350",
    "coupon": "\"\"",
    "productInfo": "냉동|냉동(종이포장)|출고일 기준, 소비기한 100일 이내의 상품을 보내드립니다.|\"\"",
    "detail_filed": "\"\"",
    "description": "설명",
    "simple_description": "간략설명",
    "image_url": "/img/1/106.jpeg",
    "image_alt": "소고기 샤브탕",
    "stock": "50",
    "rating": "4.1",
    "reviews": "65",
    "badges": "S",
    "seo_title": "유기농 아몬드 | 이너뷰티 | 쇼핑몰 이름",
    "seo_description": "자연 그대로의 유기농 아몬드, 간편하게 에너지를 충전하세요. 쇼핑몰에서 빠른 배송으로 만나보세요."
  },
  {
    "productId": "107",
    "categoryId": "101",
    "name": "쉬림프 바질 크림 파스타",
    "originalPrice": "12900",
    "discountPrice": "\"\"",
    "coupon": "\"\"",
    "productInfo": "냉동|냉동(종이포장)|출고일 기준, 소비기한 100일 이내의 상품을 보내드립니다.|\"\"",
    "detail_filed": "\"\"",
    "description": "설명",
    "simple_description": "간략설명",
    "image_url": "/img/1/107.jpg",
    "image_alt": "쉬림프 바질 크림 파스타",
    "stock": "10",
    "rating": "4.2",
    "reviews": "85",
    "badges": "\"\"",
    "seo_title": "유기농 아몬드 | 이너뷰티 | 쇼핑몰 이름",
    "seo_description": "자연 그대로의 유기농 아몬드, 간편하게 에너지를 충전하세요. 쇼핑몰에서 빠른 배송으로 만나보세요."
  },
  {
    "productId": "108",
    "categoryId": "101",
    "name": "유산슬",
    "originalPrice": "14900",
    "discountPrice": "12500",
    "coupon": "\"\"",
    "productInfo": "냉동|냉동(종이포장)|출고일 기준, 소비기한 100일 이내의 상품을 보내드립니다.|\"\"",
    "detail_filed": "\"\"",
    "description": "설명",
    "simple_description": "간략설명",
    "image_url": "/img/1/108.jpg",
    "image_alt": "유산슬",
    "stock": "40",
    "rating": "5",
    "reviews": "62",
    "badges": "S",
    "seo_title": "유기농 아몬드 | 이너뷰티 | 쇼핑몰 이름",
    "seo_description": "자연 그대로의 유기농 아몬드, 간편하게 에너지를 충전하세요. 쇼핑몰에서 빠른 배송으로 만나보세요."
  },
  {
    "productId": "109",
    "categoryId": "101",
    "name": "한우사골 양지곰탕",
    "originalPrice": "6900",
    "discountPrice": "\"\"",
    "coupon": "\"\"",
    "productInfo": "냉동|냉동(종이포장)|출고일 기준, 소비기한 100일 이내의 상품을 보내드립니다.|\"\"",
    "detail_filed": "\"\"",
    "description": "설명",
    "simple_description": "간략설명",
    "image_url": "/img/1/109.jpg",
    "image_alt": "한우사골 양지곰탕",
    "stock": "900",
    "rating": "4.5",
    "reviews": "12",
    "badges": "\"\"",
    "seo_title": "유기농 아몬드 | 이너뷰티 | 쇼핑몰 이름",
    "seo_description": "자연 그대로의 유기농 아몬드, 간편하게 에너지를 충전하세요. 쇼핑몰에서 빠른 배송으로 만나보세요."
  },
  {
    "productId": "110",
    "categoryId": "102",
    "name": "골라 먹는 샌드위치 6종 (택1)",
    "originalPrice": "5000",
    "discountPrice": "4250",
    "coupon": "10|가을 기획전 ",
    "productInfo": "냉동|냉동(종이포장)|출고일 기준, 소비기한 100일 이내의 상품을 보내드립니다.|\"\"",
    "detail_filed": "\"\"",
    "description": "설명",
    "simple_description": "간략설명",
    "image_url": "/img/1/110.jpg",
    "image_alt": "골라 먹는 샌드위치 6종 (택1)",
    "stock": "500",
    "rating": "4.6",
    "reviews": "54",
    "badges": "S|N",
    "seo_title": "유기농 아몬드 | 이너뷰티 | 쇼핑몰 이름",
    "seo_description": "자연 그대로의 유기농 아몬드, 간편하게 에너지를 충전하세요. 쇼핑몰에서 빠른 배송으로 만나보세요."
  },
  {
    "productId": "111",
    "categoryId": "102",
    "name": "샐러드 샌드위치 7종 (택1)",
    "originalPrice": "4900",
    "discountPrice": "\"\"",
    "coupon": "5|회원 특별 ",
    "productInfo": "냉동|냉동(종이포장)|출고일 기준, 소비기한 100일 이내의 상품을 보내드립니다.|\"\"",
    "detail_filed": "\"\"",
    "description": "설명",
    "simple_description": "간략설명",
    "image_url": "/img/1/111.jpg",
    "image_alt": "샐러드 샌드위치 7종 (택1)",
    "stock": "400",
    "rating": "4.7",
    "reviews": "32",
    "badges": "\"\"",
    "seo_title": "유기농 아몬드 | 이너뷰티 | 쇼핑몰 이름",
    "seo_description": "자연 그대로의 유기농 아몬드, 간편하게 에너지를 충전하세요. 쇼핑몰에서 빠른 배송으로 만나보세요."
  },
  {
    "productId": "112",
    "categoryId": "102",
    "name": "슈퍼 곡물 샐러드",
    "originalPrice": "7900",
    "discountPrice": "\"\"",
    "coupon": "10|베스트 리뷰어 ",
    "productInfo": "냉동|냉동(종이포장)|출고일 기준, 소비기한 100일 이내의 상품을 보내드립니다.|\"\"",
    "detail_filed": "\"\"",
    "description": "설명",
    "simple_description": "간략설명",
    "image_url": "/img/1/112.jpg",
    "image_alt": "슈퍼 곡물 샐러드",
    "stock": "50",
    "rating": "4.1",
    "reviews": "543",
    "badges": "\"\"",
    "seo_title": "유기농 아몬드 | 이너뷰티 | 쇼핑몰 이름",
    "seo_description": "자연 그대로의 유기농 아몬드, 간편하게 에너지를 충전하세요. 쇼핑몰에서 빠른 배송으로 만나보세요."
  },
  {
    "productId": "113",
    "categoryId": "102",
    "name": "잠봉뵈르 샌드위치 (리뉴얼)",
    "originalPrice": "8900",
    "discountPrice": "\"\"",
    "coupon": "5|신규회원  ",
    "productInfo": "냉동|냉동(종이포장)|출고일 기준, 소비기한 100일 이내의 상품을 보내드립니다.|\"\"",
    "detail_filed": "\"\"",
    "description": "설명",
    "simple_description": "간략설명",
    "image_url": "/img/1/113.jpg",
    "image_alt": "잠봉뵈르 샌드위치 (리뉴얼)",
    "stock": "60",
    "rating": "4.4",
    "reviews": "125",
    "badges": "N",
    "seo_title": "유기농 아몬드 | 이너뷰티 | 쇼핑몰 이름",
    "seo_description": "자연 그대로의 유기농 아몬드, 간편하게 에너지를 충전하세요. 쇼핑몰에서 빠른 배송으로 만나보세요."
  },
  {
    "productId": "114",
    "categoryId": "102",
    "name": "문어 세비체",
    "originalPrice": "13500",
    "discountPrice": "\"\"",
    "coupon": "10|가을 기획전 ",
    "productInfo": "냉동|냉동(종이포장)|출고일 기준, 소비기한 100일 이내의 상품을 보내드립니다.|\"\"",
    "detail_filed": "\"\"",
    "description": "설명",
    "simple_description": "간략설명",
    "image_url": "/img/1/114.jpg",
    "image_alt": "문어 세비체",
    "stock": "40",
    "rating": "4.9",
    "reviews": "456",
    "badges": "N",
    "seo_title": "유기농 아몬드 | 이너뷰티 | 쇼핑몰 이름",
    "seo_description": "자연 그대로의 유기농 아몬드, 간편하게 에너지를 충전하세요. 쇼핑몰에서 빠른 배송으로 만나보세요."
  },
  {
    "productId": "115",
    "categoryId": "102",
    "name": "싱그러운 유러피안 샐러드믹스 2종",
    "originalPrice": "3990",
    "discountPrice": "\"\"",
    "coupon": "5|회원 특별 ",
    "productInfo": "냉동|냉동(종이포장)|출고일 기준, 소비기한 100일 이내의 상품을 보내드립니다.|\"\"",
    "detail_filed": "\"\"",
    "description": "설명",
    "simple_description": "간략설명",
    "image_url": "/img/1/115.jpg",
    "image_alt": "싱그러운 유러피안 샐러드믹스 2종",
    "stock": "30",
    "rating": "4.8",
    "reviews": "852",
    "badges": "N",
    "seo_title": "유기농 아몬드 | 이너뷰티 | 쇼핑몰 이름",
    "seo_description": "자연 그대로의 유기농 아몬드, 간편하게 에너지를 충전하세요. 쇼핑몰에서 빠른 배송으로 만나보세요."
  },
  {
    "productId": "116",
    "categoryId": "102",
    "name": "프레쉬믹스 베이직샐러드",
    "originalPrice": "1990",
    "discountPrice": "1850",
    "coupon": "10|베스트 리뷰어 ",
    "productInfo": "냉동|냉동(종이포장)|출고일 기준, 소비기한 100일 이내의 상품을 보내드립니다.|\"\"",
    "detail_filed": "\"\"",
    "description": "설명",
    "simple_description": "간략설명",
    "image_url": "/img/1/116.jpg",
    "image_alt": "프레쉬믹스 베이직샐러드",
    "stock": "900",
    "rating": "4.7",
    "reviews": "21",
    "badges": "S|N",
    "seo_title": "유기농 아몬드 | 이너뷰티 | 쇼핑몰 이름",
    "seo_description": "자연 그대로의 유기농 아몬드, 간편하게 에너지를 충전하세요. 쇼핑몰에서 빠른 배송으로 만나보세요."
  },
  {
    "productId": "117",
    "categoryId": "102",
    "name": "샐러드 8종 (택1, 리뉴얼)",
    "originalPrice": "5900",
    "discountPrice": "5400",
    "coupon": "5|신규회원  ",
    "productInfo": "냉동|냉동(종이포장)|출고일 기준, 소비기한 100일 이내의 상품을 보내드립니다.|\"\"",
    "detail_filed": "\"\"",
    "description": "설명",
    "simple_description": "간략설명",
    "image_url": "/img/1/117.jpg",
    "image_alt": "샐러드 8종 (택1, 리뉴얼)",
    "stock": "20",
    "rating": "4.6",
    "reviews": "546",
    "badges": "S",
    "seo_title": "유기농 아몬드 | 이너뷰티 | 쇼핑몰 이름",
    "seo_description": "자연 그대로의 유기농 아몬드, 간편하게 에너지를 충전하세요. 쇼핑몰에서 빠른 배송으로 만나보세요."
  },
  {
    "productId": "118",
    "categoryId": "103",
    "name": "그래놀라 500g 리필팩 4종 (택1)",
    "originalPrice": "18900",
    "discountPrice": "16900",
    "coupon": "10|가을 기획전 ",
    "productInfo": "냉동|냉동(종이포장)|출고일 기준, 소비기한 100일 이내의 상품을 보내드립니다.|\"\"",
    "detail_filed": "\"\"",
    "description": "설명",
    "simple_description": "간략설명",
    "image_url": "/img/1/118.jpg",
    "image_alt": "그래놀라 500g 리필팩 4종 (택1)",
    "stock": "1000",
    "rating": "4.5",
    "reviews": "54",
    "badges": "S",
    "seo_title": "유기농 아몬드 | 이너뷰티 | 쇼핑몰 이름",
    "seo_description": "자연 그대로의 유기농 아몬드, 간편하게 에너지를 충전하세요. 쇼핑몰에서 빠른 배송으로 만나보세요."
  },
  {
    "productId": "119",
    "categoryId": "103",
    "name": "흑임자놀라 150g",
    "originalPrice": "9000",
    "discountPrice": "\"\"",
    "coupon": "5|회원 특별 ",
    "productInfo": "냉동|냉동(종이포장)|출고일 기준, 소비기한 100일 이내의 상품을 보내드립니다.|\"\"",
    "detail_filed": "\"\"",
    "description": "설명",
    "simple_description": "간략설명",
    "image_url": "/img/1/119.jpg",
    "image_alt": "흑임자놀라 150g",
    "stock": "2100",
    "rating": "4.2",
    "reviews": "15",
    "badges": "\"\"",
    "seo_title": "유기농 아몬드 | 이너뷰티 | 쇼핑몰 이름",
    "seo_description": "자연 그대로의 유기농 아몬드, 간편하게 에너지를 충전하세요. 쇼핑몰에서 빠른 배송으로 만나보세요."
  },
  {
    "productId": "120",
    "categoryId": "103",
    "name": "시나몬 그래놀라 150g",
    "originalPrice": "9000",
    "discountPrice": "\"\"",
    "coupon": "10|베스트 리뷰어 ",
    "productInfo": "냉동|냉동(종이포장)|출고일 기준, 소비기한 100일 이내의 상품을 보내드립니다.|\"\"",
    "detail_filed": "\"\"",
    "description": "설명",
    "simple_description": "간략설명",
    "image_url": "/img/1/120.jpg",
    "image_alt": "시나몬 그래놀라 150g",
    "stock": "200",
    "rating": "4.8",
    "reviews": "230",
    "badges": "\"\"",
    "seo_title": "유기농 아몬드 | 이너뷰티 | 쇼핑몰 이름",
    "seo_description": "자연 그대로의 유기농 아몬드, 간편하게 에너지를 충전하세요. 쇼핑몰에서 빠른 배송으로 만나보세요."
  },
  {
    "productId": "121",
    "categoryId": "103",
    "name": "유기농 초코볼 시리얼 275g",
    "originalPrice": "8900",
    "discountPrice": "8500",
    "coupon": "5|신규회원  ",
    "productInfo": "냉동|냉동(종이포장)|출고일 기준, 소비기한 100일 이내의 상품을 보내드립니다.|\"\"",
    "detail_filed": "\"\"",
    "description": "설명",
    "simple_description": "간략설명",
    "image_url": "/img/1/121.jpg",
    "image_alt": "유기농 초코볼 시리얼 275g",
    "stock": "20",
    "rating": "4.9",
    "reviews": "10",
    "badges": "S",
    "seo_title": "유기농 아몬드 | 이너뷰티 | 쇼핑몰 이름",
    "seo_description": "자연 그대로의 유기농 아몬드, 간편하게 에너지를 충전하세요. 쇼핑몰에서 빠른 배송으로 만나보세요."
  },
  {
    "productId": "122",
    "categoryId": "103",
    "name": "납작 그래놀라 200g",
    "originalPrice": "9500",
    "discountPrice": "8400",
    "coupon": "10|가을 기획전 ",
    "productInfo": "냉동|냉동(종이포장)|출고일 기준, 소비기한 100일 이내의 상품을 보내드립니다.|\"\"",
    "detail_filed": "\"\"",
    "description": "설명",
    "simple_description": "간략설명",
    "image_url": "/img/1/122.jpg",
    "image_alt": "납작 그래놀라 200g",
    "stock": "50",
    "rating": "4.6",
    "reviews": "20",
    "badges": "S",
    "seo_title": "유기농 아몬드 | 이너뷰티 | 쇼핑몰 이름",
    "seo_description": "자연 그대로의 유기농 아몬드, 간편하게 에너지를 충전하세요. 쇼핑몰에서 빠른 배송으로 만나보세요."
  },
  {
    "productId": "123",
    "categoryId": "103",
    "name": "저당 그래놀라 150g",
    "originalPrice": "12000",
    "discountPrice": "\"\"",
    "coupon": "\"\"",
    "productInfo": "냉동|냉동(종이포장)|출고일 기준, 소비기한 100일 이내의 상품을 보내드립니다.|\"\"",
    "detail_filed": "\"\"",
    "description": "설명",
    "simple_description": "간략설명",
    "image_url": "/img/1/123.jpg",
    "image_alt": "저당 그래놀라 150g",
    "stock": "30",
    "rating": "4",
    "reviews": "50",
    "badges": "\"\"",
    "seo_title": "유기농 아몬드 | 이너뷰티 | 쇼핑몰 이름",
    "seo_description": "자연 그대로의 유기농 아몬드, 간편하게 에너지를 충전하세요. 쇼핑몰에서 빠른 배송으로 만나보세요."
  },
  {
    "productId": "124",
    "categoryId": "103",
    "name": "점보 오트밀 2종 (택1)",
    "originalPrice": "8900",
    "discountPrice": "7280",
    "coupon": "\"\"",
    "productInfo": "냉동|냉동(종이포장)|출고일 기준, 소비기한 100일 이내의 상품을 보내드립니다.|\"\"",
    "detail_filed": "\"\"",
    "description": "설명",
    "simple_description": "간략설명",
    "image_url": "/img/1/124.jpg",
    "image_alt": "점보 오트밀 2종 (택1)",
    "stock": "90",
    "rating": "4.5",
    "reviews": "42",
    "badges": "S",
    "seo_title": "유기농 아몬드 | 이너뷰티 | 쇼핑몰 이름",
    "seo_description": "자연 그대로의 유기농 아몬드, 간편하게 에너지를 충전하세요. 쇼핑몰에서 빠른 배송으로 만나보세요."
  },
  {
    "productId": "125",
    "categoryId": "103",
    "name": "오트 펍스 300g",
    "originalPrice": "12900",
    "discountPrice": "11900",
    "coupon": "\"\"",
    "productInfo": "냉동|냉동(종이포장)|출고일 기준, 소비기한 100일 이내의 상품을 보내드립니다.|\"\"",
    "detail_filed": "\"\"",
    "description": "설명",
    "simple_description": "간략설명",
    "image_url": "/img/1/125.jpg",
    "image_alt": "오트 펍스 300g",
    "stock": "50",
    "rating": "4.1",
    "reviews": "65",
    "badges": "S",
    "seo_title": "유기농 아몬드 | 이너뷰티 | 쇼핑몰 이름",
    "seo_description": "자연 그대로의 유기농 아몬드, 간편하게 에너지를 충전하세요. 쇼핑몰에서 빠른 배송으로 만나보세요."
  },
  {
    "productId": "126",
    "categoryId": "104",
    "name": "게살볶음밥 420g",
    "originalPrice": "11500",
    "discountPrice": "\"\"",
    "coupon": "\"\"",
    "productInfo": "냉동|냉동(종이포장)|출고일 기준, 소비기한 100일 이내의 상품을 보내드립니다.|\"\"",
    "detail_filed": "\"\"",
    "description": "설명",
    "simple_description": "간략설명",
    "image_url": "/img/1/126.jpg",
    "image_alt": "게살볶음밥 420g",
    "stock": "10",
    "rating": "4.2",
    "reviews": "85",
    "badges": "N",
    "seo_title": "유기농 아몬드 | 이너뷰티 | 쇼핑몰 이름",
    "seo_description": "자연 그대로의 유기농 아몬드, 간편하게 에너지를 충전하세요. 쇼핑몰에서 빠른 배송으로 만나보세요."
  },
  {
    "productId": "127",
    "categoryId": "104",
    "name": "새우볶음밥 420g",
    "originalPrice": "14900",
    "discountPrice": "12500",
    "coupon": "\"\"",
    "productInfo": "냉동|냉동(종이포장)|출고일 기준, 소비기한 100일 이내의 상품을 보내드립니다.|\"\"",
    "detail_filed": "\"\"",
    "description": "설명",
    "simple_description": "간략설명",
    "image_url": "/img/1/127.jpg",
    "image_alt": "새우볶음밥 420g",
    "stock": "40",
    "rating": "5",
    "reviews": "62",
    "badges": "S",
    "seo_title": "유기농 아몬드 | 이너뷰티 | 쇼핑몰 이름",
    "seo_description": "자연 그대로의 유기농 아몬드, 간편하게 에너지를 충전하세요. 쇼핑몰에서 빠른 배송으로 만나보세요."
  },
  {
    "productId": "128",
    "categoryId": "104",
    "name": "차돌듬뿍 묵은지 볶음밥",
    "originalPrice": "15900",
    "discountPrice": "14600",
    "coupon": "\"\"",
    "productInfo": "냉동|냉동(종이포장)|출고일 기준, 소비기한 100일 이내의 상품을 보내드립니다.|\"\"",
    "detail_filed": "\"\"",
    "description": "설명",
    "simple_description": "간략설명",
    "image_url": "/img/1/128.jpeg",
    "image_alt": "차돌듬뿍 묵은지 볶음밥",
    "stock": "900",
    "rating": "4.5",
    "reviews": "12",
    "badges": "S",
    "seo_title": "유기농 아몬드 | 이너뷰티 | 쇼핑몰 이름",
    "seo_description": "자연 그대로의 유기농 아몬드, 간편하게 에너지를 충전하세요. 쇼핑몰에서 빠른 배송으로 만나보세요."
  },
  {
    "productId": "129",
    "categoryId": "104",
    "name": "정호영 명란감자채 솥밥 도시락",
    "originalPrice": "10790",
    "discountPrice": "9190",
    "coupon": "\"\"",
    "productInfo": "냉동|냉동(종이포장)|출고일 기준, 소비기한 100일 이내의 상품을 보내드립니다.|\"\"",
    "detail_filed": "\"\"",
    "description": "설명",
    "simple_description": "간략설명",
    "image_url": "/img/1/129.jpg",
    "image_alt": "정호영 명란감자채 솥밥 도시락",
    "stock": "500",
    "rating": "4.6",
    "reviews": "54",
    "badges": "S",
    "seo_title": "유기농 아몬드 | 이너뷰티 | 쇼핑몰 이름",
    "seo_description": "자연 그대로의 유기농 아몬드, 간편하게 에너지를 충전하세요. 쇼핑몰에서 빠른 배송으로 만나보세요."
  },
  {
    "productId": "130",
    "categoryId": "201",
    "name": "BYOCORE 500억 유산균 (30일분)",
    "originalPrice": "11900",
    "discountPrice": "\"\"",
    "coupon": "10|가을 기획전 ",
    "productInfo": "냉동|냉동(종이포장)|출고일 기준, 소비기한 100일 이내의 상품을 보내드립니다.|\"\"",
    "detail_filed": "\"\"",
    "description": "설명",
    "simple_description": "간략설명",
    "image_url": "/img/2/130.jpg",
    "image_alt": "BYOCORE 500억 유산균 (30일분)",
    "stock": "400",
    "rating": "4.7",
    "reviews": "32",
    "badges": "\"\"",
    "seo_title": "유기농 아몬드 | 이너뷰티 | 쇼핑몰 이름",
    "seo_description": "자연 그대로의 유기농 아몬드, 간편하게 에너지를 충전하세요. 쇼핑몰에서 빠른 배송으로 만나보세요."
  },
  {
    "productId": "131",
    "categoryId": "201",
    "name": "바른 인절미효소 (30포)",
    "originalPrice": "12900",
    "discountPrice": "\"\"",
    "coupon": "5|회원 특별 ",
    "productInfo": "냉동|냉동(종이포장)|출고일 기준, 소비기한 100일 이내의 상품을 보내드립니다.|\"\"",
    "detail_filed": "\"\"",
    "description": "설명",
    "simple_description": "간략설명",
    "image_url": "/img/2/131.jpg",
    "image_alt": "바른 인절미효소 (30포)",
    "stock": "50",
    "rating": "4.1",
    "reviews": "543",
    "badges": "\"\"",
    "seo_title": "유기농 아몬드 | 이너뷰티 | 쇼핑몰 이름",
    "seo_description": "자연 그대로의 유기농 아몬드, 간편하게 에너지를 충전하세요. 쇼핑몰에서 빠른 배송으로 만나보세요."
  },
  {
    "productId": "132",
    "categoryId": "201",
    "name": "골드카무트효소G 30포",
    "originalPrice": "15900",
    "discountPrice": "11900",
    "coupon": "10|베스트 리뷰어 ",
    "productInfo": "냉동|냉동(종이포장)|출고일 기준, 소비기한 100일 이내의 상품을 보내드립니다.|\"\"",
    "detail_filed": "\"\"",
    "description": "설명",
    "simple_description": "간략설명",
    "image_url": "/img/2/132.jpg",
    "image_alt": "골드카무트효소G 30포",
    "stock": "60",
    "rating": "4.4",
    "reviews": "125",
    "badges": "S",
    "seo_title": "유기농 아몬드 | 이너뷰티 | 쇼핑몰 이름",
    "seo_description": "자연 그대로의 유기농 아몬드, 간편하게 에너지를 충전하세요. 쇼핑몰에서 빠른 배송으로 만나보세요."
  },
  {
    "productId": "133",
    "categoryId": "201",
    "name": "다이어트 스페셜2 가르시니아900 (56일분)",
    "originalPrice": "6590",
    "discountPrice": "5250",
    "coupon": "5|신규회원  ",
    "productInfo": "냉동|냉동(종이포장)|출고일 기준, 소비기한 100일 이내의 상품을 보내드립니다.|\"\"",
    "detail_filed": "\"\"",
    "description": "설명",
    "simple_description": "간략설명",
    "image_url": "/img/2/133.jpg",
    "image_alt": "다이어트 스페셜2 가르시니아900 (56일분)",
    "stock": "40",
    "rating": "4.9",
    "reviews": "456",
    "badges": "S",
    "seo_title": "유기농 아몬드 | 이너뷰티 | 쇼핑몰 이름",
    "seo_description": "자연 그대로의 유기농 아몬드, 간편하게 에너지를 충전하세요. 쇼핑몰에서 빠른 배송으로 만나보세요."
  },
  {
    "productId": "134",
    "categoryId": "201",
    "name": "데일리 아미노샷 1박스 (15ml x 30포)",
    "originalPrice": "16900",
    "discountPrice": "14900",
    "coupon": "10|가을 기획전 ",
    "productInfo": "냉동|냉동(종이포장)|출고일 기준, 소비기한 100일 이내의 상품을 보내드립니다.|\"\"",
    "detail_filed": "\"\"",
    "description": "설명",
    "simple_description": "간략설명",
    "image_url": "/img/2/134.jpg",
    "image_alt": "데일리 아미노샷 1박스 (15ml x 30포)",
    "stock": "30",
    "rating": "4.8",
    "reviews": "852",
    "badges": "S",
    "seo_title": "유기농 아몬드 | 이너뷰티 | 쇼핑몰 이름",
    "seo_description": "자연 그대로의 유기농 아몬드, 간편하게 에너지를 충전하세요. 쇼핑몰에서 빠른 배송으로 만나보세요."
  },
  {
    "productId": "135",
    "categoryId": "202",
    "name": "알티지 오메가3 프리미엄 (30일분)",
    "originalPrice": "28990",
    "discountPrice": "24990",
    "coupon": "5|회원 특별 ",
    "productInfo": "냉동|냉동(종이포장)|출고일 기준, 소비기한 100일 이내의 상품을 보내드립니다.|\"\"",
    "detail_filed": "\"\"",
    "description": "설명",
    "simple_description": "간략설명",
    "image_url": "/img/2/135.jpeg",
    "image_alt": "알티지 오메가3 프리미엄 (30일분)",
    "stock": "900",
    "rating": "4.7",
    "reviews": "21",
    "badges": "S",
    "seo_title": "유기농 아몬드 | 이너뷰티 | 쇼핑몰 이름",
    "seo_description": "자연 그대로의 유기농 아몬드, 간편하게 에너지를 충전하세요. 쇼핑몰에서 빠른 배송으로 만나보세요."
  },
  {
    "productId": "136",
    "categoryId": "202",
    "name": "스키니핏 다이어트 유산균 프로틴 (7포)",
    "originalPrice": "15900",
    "discountPrice": "14300",
    "coupon": "10|베스트 리뷰어 ",
    "productInfo": "냉동|냉동(종이포장)|출고일 기준, 소비기한 100일 이내의 상품을 보내드립니다.|\"\"",
    "detail_filed": "\"\"",
    "description": "설명",
    "simple_description": "간략설명",
    "image_url": "/img/2/136.jpg",
    "image_alt": "스키니핏 다이어트 유산균 프로틴 (7포)",
    "stock": "20",
    "rating": "4.6",
    "reviews": "546",
    "badges": "S",
    "seo_title": "유기농 아몬드 | 이너뷰티 | 쇼핑몰 이름",
    "seo_description": "자연 그대로의 유기농 아몬드, 간편하게 에너지를 충전하세요. 쇼핑몰에서 빠른 배송으로 만나보세요."
  },
  {
    "productId": "137",
    "categoryId": "202",
    "name": "마이밀 뉴프로틴 산양유 단백질 340g",
    "originalPrice": "18900",
    "discountPrice": "16900",
    "coupon": "5|신규회원  ",
    "productInfo": "냉동|냉동(종이포장)|출고일 기준, 소비기한 100일 이내의 상품을 보내드립니다.|\"\"",
    "detail_filed": "\"\"",
    "description": "설명",
    "simple_description": "간략설명",
    "image_url": "/img/2/137.jpeg",
    "image_alt": "마이밀 뉴프로틴 산양유 단백질 340g",
    "stock": "1000",
    "rating": "4.5",
    "reviews": "54",
    "badges": "S",
    "seo_title": "유기농 아몬드 | 이너뷰티 | 쇼핑몰 이름",
    "seo_description": "자연 그대로의 유기농 아몬드, 간편하게 에너지를 충전하세요. 쇼핑몰에서 빠른 배송으로 만나보세요."
  },
  {
    "productId": "138",
    "categoryId": "202",
    "name": "맥주효모 비오틴 120정",
    "originalPrice": "7500",
    "discountPrice": "6750",
    "coupon": "10|가을 기획전 ",
    "productInfo": "냉동|냉동(종이포장)|출고일 기준, 소비기한 100일 이내의 상품을 보내드립니다.|\"\"",
    "detail_filed": "\"\"",
    "description": "설명",
    "simple_description": "간략설명",
    "image_url": "/img/2/138.jpg",
    "image_alt": "맥주효모 비오틴 120정",
    "stock": "2100",
    "rating": "4.2",
    "reviews": "15",
    "badges": "S",
    "seo_title": "유기농 아몬드 | 이너뷰티 | 쇼핑몰 이름",
    "seo_description": "자연 그대로의 유기농 아몬드, 간편하게 에너지를 충전하세요. 쇼핑몰에서 빠른 배송으로 만나보세요."
  },
  {
    "productId": "139",
    "categoryId": "203",
    "name": "트루바이타민 (30일분)",
    "originalPrice": "6000",
    "discountPrice": "5000",
    "coupon": "5|회원 특별 ",
    "productInfo": "냉동|냉동(종이포장)|출고일 기준, 소비기한 100일 이내의 상품을 보내드립니다.|\"\"",
    "detail_filed": "\"\"",
    "description": "설명",
    "simple_description": "간략설명",
    "image_url": "/img/2/139.jpg",
    "image_alt": "트루바이타민 (30일분)",
    "stock": "200",
    "rating": "4.8",
    "reviews": "230",
    "badges": "S",
    "seo_title": "유기농 아몬드 | 이너뷰티 | 쇼핑몰 이름",
    "seo_description": "자연 그대로의 유기농 아몬드, 간편하게 에너지를 충전하세요. 쇼핑몰에서 빠른 배송으로 만나보세요."
  },
  {
    "productId": "140",
    "categoryId": "203",
    "name": "트루바이타민 I (30일분)",
    "originalPrice": "17900",
    "discountPrice": "14900",
    "coupon": "10|베스트 리뷰어 ",
    "productInfo": "냉동|냉동(종이포장)|출고일 기준, 소비기한 100일 이내의 상품을 보내드립니다.|\"\"",
    "detail_filed": "\"\"",
    "description": "설명",
    "simple_description": "간략설명",
    "image_url": "/img/2/140.jpg",
    "image_alt": "트루바이타민 I (30일분)",
    "stock": "20",
    "rating": "4.9",
    "reviews": "10",
    "badges": "S",
    "seo_title": "유기농 아몬드 | 이너뷰티 | 쇼핑몰 이름",
    "seo_description": "자연 그대로의 유기농 아몬드, 간편하게 에너지를 충전하세요. 쇼핑몰에서 빠른 배송으로 만나보세요."
  },
  {
    "productId": "141",
    "categoryId": "203",
    "name": "데일리키즈 프로바이오틱스 유산균 1통 (30일분) 2종 (택1)",
    "originalPrice": "17900",
    "discountPrice": "13900",
    "coupon": "5|신규회원  ",
    "productInfo": "냉동|냉동(종이포장)|출고일 기준, 소비기한 100일 이내의 상품을 보내드립니다.|\"\"",
    "detail_filed": "\"\"",
    "description": "설명",
    "simple_description": "간략설명",
    "image_url": "/img/2/141.jpg",
    "image_alt": "데일리키즈 프로바이오틱스 유산균 1통 (30일분) 2종 (택1)",
    "stock": "50",
    "rating": "4.6",
    "reviews": "20",
    "badges": "S|N",
    "seo_title": "유기농 아몬드 | 이너뷰티 | 쇼핑몰 이름",
    "seo_description": "자연 그대로의 유기농 아몬드, 간편하게 에너지를 충전하세요. 쇼핑몰에서 빠른 배송으로 만나보세요."
  },
  {
    "productId": "142",
    "categoryId": "203",
    "name": "캡슐 플러스 (30일분)",
    "originalPrice": "19900",
    "discountPrice": "16200",
    "coupon": "10|가을 기획전 ",
    "productInfo": "냉동|냉동(종이포장)|출고일 기준, 소비기한 100일 이내의 상품을 보내드립니다.|\"\"",
    "detail_filed": "\"\"",
    "description": "설명",
    "simple_description": "간략설명",
    "image_url": "/img/2/142.jpg",
    "image_alt": "캡슐 플러스 (30일분)",
    "stock": "30",
    "rating": "4",
    "reviews": "50",
    "badges": "S",
    "seo_title": "유기농 아몬드 | 이너뷰티 | 쇼핑몰 이름",
    "seo_description": "자연 그대로의 유기농 아몬드, 간편하게 에너지를 충전하세요. 쇼핑몰에서 빠른 배송으로 만나보세요."
  },
  {
    "productId": "143",
    "categoryId": "205",
    "name": "분해효소 리셋15포",
    "originalPrice": "5290",
    "discountPrice": "4790",
    "coupon": "\"\"",
    "productInfo": "냉동|냉동(종이포장)|출고일 기준, 소비기한 100일 이내의 상품을 보내드립니다.|\"\"",
    "detail_filed": "\"\"",
    "description": "설명",
    "simple_description": "간략설명",
    "image_url": "/img/2/143.jpg",
    "image_alt": "분해효소 리셋15포",
    "stock": "90",
    "rating": "4.5",
    "reviews": "42",
    "badges": "S",
    "seo_title": "유기농 아몬드 | 이너뷰티 | 쇼핑몰 이름",
    "seo_description": "자연 그대로의 유기농 아몬드, 간편하게 에너지를 충전하세요. 쇼핑몰에서 빠른 배송으로 만나보세요."
  },
  {
    "productId": "144",
    "categoryId": "205",
    "name": "100억 유산균 (30일분)",
    "originalPrice": "12900",
    "discountPrice": "11900",
    "coupon": "\"\"",
    "productInfo": "냉동|냉동(종이포장)|출고일 기준, 소비기한 100일 이내의 상품을 보내드립니다.|\"\"",
    "detail_filed": "\"\"",
    "description": "설명",
    "simple_description": "간략설명",
    "image_url": "/img/2/144.jpg",
    "image_alt": "100억 유산균 (30일분)",
    "stock": "50",
    "rating": "4.1",
    "reviews": "65",
    "badges": "S",
    "seo_title": "유기농 아몬드 | 이너뷰티 | 쇼핑몰 이름",
    "seo_description": "자연 그대로의 유기농 아몬드, 간편하게 에너지를 충전하세요. 쇼핑몰에서 빠른 배송으로 만나보세요."
  },
  {
    "productId": "145",
    "categoryId": "205",
    "name": "당뇨식 200ml 30팩",
    "originalPrice": "6500",
    "discountPrice": "\"\"",
    "coupon": "\"\"",
    "productInfo": "냉동|냉동(종이포장)|출고일 기준, 소비기한 100일 이내의 상품을 보내드립니다.|\"\"",
    "detail_filed": "\"\"",
    "description": "설명",
    "simple_description": "간략설명",
    "image_url": "/img/2/145.jpg",
    "image_alt": "당뇨식 200ml 30팩",
    "stock": "10",
    "rating": "4.2",
    "reviews": "85",
    "badges": "\"\"",
    "seo_title": "유기농 아몬드 | 이너뷰티 | 쇼핑몰 이름",
    "seo_description": "자연 그대로의 유기농 아몬드, 간편하게 에너지를 충전하세요. 쇼핑몰에서 빠른 배송으로 만나보세요."
  },
  {
    "productId": "146",
    "categoryId": "205",
    "name": "메타그린 슬림업 리필 (60일분)",
    "originalPrice": "14900",
    "discountPrice": "12500",
    "coupon": "\"\"",
    "productInfo": "냉동|냉동(종이포장)|출고일 기준, 소비기한 100일 이내의 상품을 보내드립니다.|\"\"",
    "detail_filed": "\"\"",
    "description": "설명",
    "simple_description": "간략설명",
    "image_url": "/img/2/146.jpg",
    "image_alt": "메타그린 슬림업 리필 (60일분)",
    "stock": "40",
    "rating": "5",
    "reviews": "62",
    "badges": "S",
    "seo_title": "유기농 아몬드 | 이너뷰티 | 쇼핑몰 이름",
    "seo_description": "자연 그대로의 유기농 아몬드, 간편하게 에너지를 충전하세요. 쇼핑몰에서 빠른 배송으로 만나보세요."
  },
  {
    "productId": "147",
    "categoryId": "206",
    "name": "식물성 콜라겐 3270mg (샤인머스캣) 2종 (택1)",
    "originalPrice": "15900",
    "discountPrice": "14600",
    "coupon": "\"\"",
    "productInfo": "냉동|냉동(종이포장)|출고일 기준, 소비기한 100일 이내의 상품을 보내드립니다.|\"\"",
    "detail_filed": "\"\"",
    "description": "설명",
    "simple_description": "간략설명",
    "image_url": "/img/2/147.jpg",
    "image_alt": "식물성 콜라겐 3270mg (샤인머스캣) 2종 (택1)",
    "stock": "900",
    "rating": "4.5",
    "reviews": "12",
    "badges": "S",
    "seo_title": "유기농 아몬드 | 이너뷰티 | 쇼핑몰 이름",
    "seo_description": "자연 그대로의 유기농 아몬드, 간편하게 에너지를 충전하세요. 쇼핑몰에서 빠른 배송으로 만나보세요."
  },
  {
    "productId": "148",
    "categoryId": "206",
    "name": "마그네슘 (90일분)",
    "originalPrice": "10790",
    "discountPrice": "9190",
    "coupon": "\"\"",
    "productInfo": "냉동|냉동(종이포장)|출고일 기준, 소비기한 100일 이내의 상품을 보내드립니다.|\"\"",
    "detail_filed": "\"\"",
    "description": "설명",
    "simple_description": "간략설명",
    "image_url": "/img/2/148.jpg",
    "image_alt": "마그네슘 (90일분)",
    "stock": "500",
    "rating": "4.6",
    "reviews": "54",
    "badges": "S",
    "seo_title": "유기농 아몬드 | 이너뷰티 | 쇼핑몰 이름",
    "seo_description": "자연 그대로의 유기농 아몬드, 간편하게 에너지를 충전하세요. 쇼핑몰에서 빠른 배송으로 만나보세요."
  },
  {
    "productId": "149",
    "categoryId": "206",
    "name": "소소티 (늙은호박티) 20개입",
    "originalPrice": "11900",
    "discountPrice": "\"\"",
    "coupon": "\"\"",
    "productInfo": "냉동|냉동(종이포장)|출고일 기준, 소비기한 100일 이내의 상품을 보내드립니다.|\"\"",
    "detail_filed": "\"\"",
    "description": "설명",
    "simple_description": "간략설명",
    "image_url": "/img/2/149.jpg",
    "image_alt": "소소티 (늙은호박티) 20개입",
    "stock": "400",
    "rating": "4.7",
    "reviews": "32",
    "badges": "\"\"",
    "seo_title": "유기농 아몬드 | 이너뷰티 | 쇼핑몰 이름",
    "seo_description": "자연 그대로의 유기농 아몬드, 간편하게 에너지를 충전하세요. 쇼핑몰에서 빠른 배송으로 만나보세요."
  },
  {
    "productId": "150",
    "categoryId": "206",
    "name": "지노프레쉬 질유산균 & 비피더스 100억 (30일분)",
    "originalPrice": "12900",
    "discountPrice": "\"\"",
    "coupon": "10|가을 기획전 ",
    "productInfo": "냉동|냉동(종이포장)|출고일 기준, 소비기한 100일 이내의 상품을 보내드립니다.|\"\"",
    "detail_filed": "\"\"",
    "description": "설명",
    "simple_description": "간략설명",
    "image_url": "/img/2/150.jpg",
    "image_alt": "지노프레쉬 질유산균 & 비피더스 100억 (30일분)",
    "stock": "50",
    "rating": "4.1",
    "reviews": "543",
    "badges": "\"\"",
    "seo_title": "유기농 아몬드 | 이너뷰티 | 쇼핑몰 이름",
    "seo_description": "자연 그대로의 유기농 아몬드, 간편하게 에너지를 충전하세요. 쇼핑몰에서 빠른 배송으로 만나보세요."
  },
  {
    "productId": "151",
    "categoryId": "206",
    "name": "콜레올로지 컷 PRO (30일분)",
    "originalPrice": "15900",
    "discountPrice": "11900",
    "coupon": "5|회원 특별 ",
    "productInfo": "냉동|냉동(종이포장)|출고일 기준, 소비기한 100일 이내의 상품을 보내드립니다.|\"\"",
    "detail_filed": "\"\"",
    "description": "설명",
    "simple_description": "간략설명",
    "image_url": "/img/2/151.jpg",
    "image_alt": "콜레올로지 컷 PRO (30일분)",
    "stock": "60",
    "rating": "4.4",
    "reviews": "125",
    "badges": "S",
    "seo_title": "유기농 아몬드 | 이너뷰티 | 쇼핑몰 이름",
    "seo_description": "자연 그대로의 유기농 아몬드, 간편하게 에너지를 충전하세요. 쇼핑몰에서 빠른 배송으로 만나보세요."
  },
  {
    "productId": "152",
    "categoryId": "301",
    "name": "제로소다 청사과 (500mL X 6캔)",
    "originalPrice": "6590",
    "discountPrice": "5250",
    "coupon": "10|베스트 리뷰어 ",
    "productInfo": "냉동|냉동(종이포장)|출고일 기준, 소비기한 100일 이내의 상품을 보내드립니다.|\"\"",
    "detail_filed": "\"\"",
    "description": "설명",
    "simple_description": "간략설명",
    "image_url": "/img/3/152.jpg",
    "image_alt": "제로소다 청사과 (500mL X 6캔)",
    "stock": "40",
    "rating": "4.9",
    "reviews": "456",
    "badges": "S",
    "seo_title": "유기농 아몬드 | 이너뷰티 | 쇼핑몰 이름",
    "seo_description": "자연 그대로의 유기농 아몬드, 간편하게 에너지를 충전하세요. 쇼핑몰에서 빠른 배송으로 만나보세요."
  },
  {
    "productId": "153",
    "categoryId": "301",
    "name": "애사비 제로소다 2종 (500mL X 6개)",
    "originalPrice": "16900",
    "discountPrice": "14900",
    "coupon": "5|신규회원  ",
    "productInfo": "냉동|냉동(종이포장)|출고일 기준, 소비기한 100일 이내의 상품을 보내드립니다.|\"\"",
    "detail_filed": "\"\"",
    "description": "설명",
    "simple_description": "간략설명",
    "image_url": "/img/3/153.jpg",
    "image_alt": "애사비 제로소다 2종 (500mL X 6개)",
    "stock": "30",
    "rating": "4.8",
    "reviews": "852",
    "badges": "S",
    "seo_title": "유기농 아몬드 | 이너뷰티 | 쇼핑몰 이름",
    "seo_description": "자연 그대로의 유기농 아몬드, 간편하게 에너지를 충전하세요. 쇼핑몰에서 빠른 배송으로 만나보세요."
  },
  {
    "productId": "154",
    "categoryId": "301",
    "name": "유기농 양배추즙 10포",
    "originalPrice": "28990",
    "discountPrice": "24990",
    "coupon": "10|가을 기획전 ",
    "productInfo": "냉동|냉동(종이포장)|출고일 기준, 소비기한 100일 이내의 상품을 보내드립니다.|\"\"",
    "detail_filed": "\"\"",
    "description": "설명",
    "simple_description": "간략설명",
    "image_url": "/img/3/154.jpg",
    "image_alt": "유기농 양배추즙 10포",
    "stock": "900",
    "rating": "4.7",
    "reviews": "21",
    "badges": "S",
    "seo_title": "유기농 아몬드 | 이너뷰티 | 쇼핑몰 이름",
    "seo_description": "자연 그대로의 유기농 아몬드, 간편하게 에너지를 충전하세요. 쇼핑몰에서 빠른 배송으로 만나보세요."
  },
  {
    "productId": "155",
    "categoryId": "301",
    "name": "NFC 100% ABC주스 1L",
    "originalPrice": "15900",
    "discountPrice": "14300",
    "coupon": "5|회원 특별 ",
    "productInfo": "냉동|냉동(종이포장)|출고일 기준, 소비기한 100일 이내의 상품을 보내드립니다.|\"\"",
    "detail_filed": "\"\"",
    "description": "설명",
    "simple_description": "간략설명",
    "image_url": "/img/3/155.jpg",
    "image_alt": "NFC 100% ABC주스 1L",
    "stock": "20",
    "rating": "4.6",
    "reviews": "546",
    "badges": "S",
    "seo_title": "유기농 아몬드 | 이너뷰티 | 쇼핑몰 이름",
    "seo_description": "자연 그대로의 유기농 아몬드, 간편하게 에너지를 충전하세요. 쇼핑몰에서 빠른 배송으로 만나보세요."
  },
  {
    "productId": "156",
    "categoryId": "301",
    "name": "토마토 사과 당근즙 30포",
    "originalPrice": "18900",
    "discountPrice": "16900",
    "coupon": "10|베스트 리뷰어 ",
    "productInfo": "냉동|냉동(종이포장)|출고일 기준, 소비기한 100일 이내의 상품을 보내드립니다.|\"\"",
    "detail_filed": "\"\"",
    "description": "설명",
    "simple_description": "간략설명",
    "image_url": "/img/3/156.jpg",
    "image_alt": "토마토 사과 당근즙 30포",
    "stock": "1000",
    "rating": "4.5",
    "reviews": "54",
    "badges": "S",
    "seo_title": "유기농 아몬드 | 이너뷰티 | 쇼핑몰 이름",
    "seo_description": "자연 그대로의 유기농 아몬드, 간편하게 에너지를 충전하세요. 쇼핑몰에서 빠른 배송으로 만나보세요."
  },
  {
    "productId": "157",
    "categoryId": "301",
    "name": "2주 습관 CCA 주스 (100mL X 4개)",
    "originalPrice": "7500",
    "discountPrice": "6750",
    "coupon": "5|신규회원  ",
    "productInfo": "냉동|냉동(종이포장)|출고일 기준, 소비기한 100일 이내의 상품을 보내드립니다.|\"\"",
    "detail_filed": "\"\"",
    "description": "설명",
    "simple_description": "간략설명",
    "image_url": "/img/3/157.jpg",
    "image_alt": "2주 습관 CCA 주스 (100mL X 4개)",
    "stock": "2100",
    "rating": "4.2",
    "reviews": "15",
    "badges": "S",
    "seo_title": "유기농 아몬드 | 이너뷰티 | 쇼핑몰 이름",
    "seo_description": "자연 그대로의 유기농 아몬드, 간편하게 에너지를 충전하세요. 쇼핑몰에서 빠른 배송으로 만나보세요."
  },
  {
    "productId": "158",
    "categoryId": "301",
    "name": "베리 부스팅 주스 (100mL X 4개)",
    "originalPrice": "6000",
    "discountPrice": "5000",
    "coupon": "10|가을 기획전 ",
    "productInfo": "냉동|냉동(종이포장)|출고일 기준, 소비기한 100일 이내의 상품을 보내드립니다.|\"\"",
    "detail_filed": "\"\"",
    "description": "설명",
    "simple_description": "간략설명",
    "image_url": "/img/3/158.jpg",
    "image_alt": "베리 부스팅 주스 (100mL X 4개)",
    "stock": "200",
    "rating": "4.8",
    "reviews": "230",
    "badges": "S",
    "seo_title": "유기농 아몬드 | 이너뷰티 | 쇼핑몰 이름",
    "seo_description": "자연 그대로의 유기농 아몬드, 간편하게 에너지를 충전하세요. 쇼핑몰에서 빠른 배송으로 만나보세요."
  },
  {
    "productId": "159",
    "categoryId": "302",
    "name": "진저 비타민",
    "originalPrice": "17900",
    "discountPrice": "14900",
    "coupon": "5|회원 특별 ",
    "productInfo": "냉동|냉동(종이포장)|출고일 기준, 소비기한 100일 이내의 상품을 보내드립니다.|\"\"",
    "detail_filed": "\"\"",
    "description": "설명",
    "simple_description": "간략설명",
    "image_url": "/img/3/159.jpg",
    "image_alt": "진저 비타민",
    "stock": "20",
    "rating": "4.9",
    "reviews": "10",
    "badges": "S",
    "seo_title": "유기농 아몬드 | 이너뷰티 | 쇼핑몰 이름",
    "seo_description": "자연 그대로의 유기농 아몬드, 간편하게 에너지를 충전하세요. 쇼핑몰에서 빠른 배송으로 만나보세요."
  },
  {
    "productId": "160",
    "categoryId": "302",
    "name": "서리태 콩담백두유 (NON-GMO)(160mL X 15팩)",
    "originalPrice": "17900",
    "discountPrice": "13900",
    "coupon": "10|베스트 리뷰어 ",
    "productInfo": "냉동|냉동(종이포장)|출고일 기준, 소비기한 100일 이내의 상품을 보내드립니다.|\"\"",
    "detail_filed": "\"\"",
    "description": "설명",
    "simple_description": "간략설명",
    "image_url": "/img/3/160.jpg",
    "image_alt": "서리태 콩담백두유 (NON-GMO)(160mL X 15팩)",
    "stock": "50",
    "rating": "4.6",
    "reviews": "20",
    "badges": "S",
    "seo_title": "유기농 아몬드 | 이너뷰티 | 쇼핑몰 이름",
    "seo_description": "자연 그대로의 유기농 아몬드, 간편하게 에너지를 충전하세요. 쇼핑몰에서 빠른 배송으로 만나보세요."
  },
  {
    "productId": "161",
    "categoryId": "302",
    "name": "콩담백두유 (NON-GMO)(160mL X 15팩)",
    "originalPrice": "19900",
    "discountPrice": "16200",
    "coupon": "5|신규회원  ",
    "productInfo": "냉동|냉동(종이포장)|출고일 기준, 소비기한 100일 이내의 상품을 보내드립니다.|\"\"",
    "detail_filed": "\"\"",
    "description": "설명",
    "simple_description": "간략설명",
    "image_url": "/img/3/161.jpg",
    "image_alt": "콩담백두유 (NON-GMO)(160mL X 15팩)",
    "stock": "30",
    "rating": "4",
    "reviews": "50",
    "badges": "S",
    "seo_title": "유기농 아몬드 | 이너뷰티 | 쇼핑몰 이름",
    "seo_description": "자연 그대로의 유기농 아몬드, 간편하게 에너지를 충전하세요. 쇼핑몰에서 빠른 배송으로 만나보세요."
  },
  {
    "productId": "162",
    "categoryId": "302",
    "name": "몸애쏙쏙 무농약 제주 레드 비트즙 2종",
    "originalPrice": "5290",
    "discountPrice": "4790",
    "coupon": "10|가을 기획전 ",
    "productInfo": "냉동|냉동(종이포장)|출고일 기준, 소비기한 100일 이내의 상품을 보내드립니다.|\"\"",
    "detail_filed": "\"\"",
    "description": "설명",
    "simple_description": "간략설명",
    "image_url": "/img/3/162.jpg",
    "image_alt": "몸애쏙쏙 무농약 제주 레드 비트즙 2종",
    "stock": "90",
    "rating": "4.5",
    "reviews": "42",
    "badges": "S",
    "seo_title": "유기농 아몬드 | 이너뷰티 | 쇼핑몰 이름",
    "seo_description": "자연 그대로의 유기농 아몬드, 간편하게 에너지를 충전하세요. 쇼핑몰에서 빠른 배송으로 만나보세요."
  },
  {
    "productId": "163",
    "categoryId": "303",
    "name": "몸애쏙쏙 유기농 양배추 브로콜리즙 2종",
    "originalPrice": "12900",
    "discountPrice": "11900",
    "coupon": "\"\"",
    "productInfo": "냉동|냉동(종이포장)|출고일 기준, 소비기한 100일 이내의 상품을 보내드립니다.|\"\"",
    "detail_filed": "\"\"",
    "description": "설명",
    "simple_description": "간략설명",
    "image_url": "/img/3/163.jpg",
    "image_alt": "몸애쏙쏙 유기농 양배추 브로콜리즙 2종",
    "stock": "50",
    "rating": "4.1",
    "reviews": "65",
    "badges": "S",
    "seo_title": "유기농 아몬드 | 이너뷰티 | 쇼핑몰 이름",
    "seo_description": "자연 그대로의 유기농 아몬드, 간편하게 에너지를 충전하세요. 쇼핑몰에서 빠른 배송으로 만나보세요."
  },
  {
    "productId": "164",
    "categoryId": "303",
    "name": "세작 40 g(잎차)",
    "originalPrice": "6500",
    "discountPrice": "\"\"",
    "coupon": "\"\"",
    "productInfo": "냉동|냉동(종이포장)|출고일 기준, 소비기한 100일 이내의 상품을 보내드립니다.|\"\"",
    "detail_filed": "\"\"",
    "description": "설명",
    "simple_description": "간략설명",
    "image_url": "/img/3/164.jpg",
    "image_alt": "세작 40 g(잎차)",
    "stock": "10",
    "rating": "4.2",
    "reviews": "85",
    "badges": "\"\"",
    "seo_title": "유기농 아몬드 | 이너뷰티 | 쇼핑몰 이름",
    "seo_description": "자연 그대로의 유기농 아몬드, 간편하게 에너지를 충전하세요. 쇼핑몰에서 빠른 배송으로 만나보세요."
  },
  {
    "productId": "165",
    "categoryId": "303",
    "name": "유기농 생강청 375mL",
    "originalPrice": "14900",
    "discountPrice": "12500",
    "coupon": "\"\"",
    "productInfo": "냉동|냉동(종이포장)|출고일 기준, 소비기한 100일 이내의 상품을 보내드립니다.|\"\"",
    "detail_filed": "\"\"",
    "description": "설명",
    "simple_description": "간략설명",
    "image_url": "/img/3/165.jpg",
    "image_alt": "유기농 생강청 375mL",
    "stock": "40",
    "rating": "5",
    "reviews": "62",
    "badges": "S",
    "seo_title": "유기농 아몬드 | 이너뷰티 | 쇼핑몰 이름",
    "seo_description": "자연 그대로의 유기농 아몬드, 간편하게 에너지를 충전하세요. 쇼핑몰에서 빠른 배송으로 만나보세요."
  },
  {
    "productId": "166",
    "categoryId": "303",
    "name": "알로에 착즙주스 1L",
    "originalPrice": "15900",
    "discountPrice": "14600",
    "coupon": "\"\"",
    "productInfo": "냉동|냉동(종이포장)|출고일 기준, 소비기한 100일 이내의 상품을 보내드립니다.|\"\"",
    "detail_filed": "\"\"",
    "description": "설명",
    "simple_description": "간략설명",
    "image_url": "/img/3/166.jpg",
    "image_alt": "알로에 착즙주스 1L",
    "stock": "900",
    "rating": "4.5",
    "reviews": "12",
    "badges": "S",
    "seo_title": "유기농 아몬드 | 이너뷰티 | 쇼핑몰 이름",
    "seo_description": "자연 그대로의 유기농 아몬드, 간편하게 에너지를 충전하세요. 쇼핑몰에서 빠른 배송으로 만나보세요."
  },
  {
    "productId": "167",
    "categoryId": "304",
    "name": "오렌지 애플망고 착즙주스 1L",
    "originalPrice": "10790",
    "discountPrice": "9190",
    "coupon": "\"\"",
    "productInfo": "냉동|냉동(종이포장)|출고일 기준, 소비기한 100일 이내의 상품을 보내드립니다.|\"\"",
    "detail_filed": "\"\"",
    "description": "설명",
    "simple_description": "간략설명",
    "image_url": "/img/3/167.jpg",
    "image_alt": "오렌지 애플망고 착즙주스 1L",
    "stock": "500",
    "rating": "4.6",
    "reviews": "54",
    "badges": "S",
    "seo_title": "유기농 아몬드 | 이너뷰티 | 쇼핑몰 이름",
    "seo_description": "자연 그대로의 유기농 아몬드, 간편하게 에너지를 충전하세요. 쇼핑몰에서 빠른 배송으로 만나보세요."
  },
  {
    "productId": "168",
    "categoryId": "304",
    "name": "유자청 580g",
    "originalPrice": "11900",
    "discountPrice": "\"\"",
    "coupon": "\"\"",
    "productInfo": "냉동|냉동(종이포장)|출고일 기준, 소비기한 100일 이내의 상품을 보내드립니다.|\"\"",
    "detail_filed": "\"\"",
    "description": "설명",
    "simple_description": "간략설명",
    "image_url": "/img/3/168.jpg",
    "image_alt": "유자청 580g",
    "stock": "400",
    "rating": "4.7",
    "reviews": "32",
    "badges": "\"\"",
    "seo_title": "유기농 아몬드 | 이너뷰티 | 쇼핑몰 이름",
    "seo_description": "자연 그대로의 유기농 아몬드, 간편하게 에너지를 충전하세요. 쇼핑몰에서 빠른 배송으로 만나보세요."
  },
  {
    "productId": "169",
    "categoryId": "304",
    "name": "통째로 갈아만든 비타민 제주레몬차 20개입",
    "originalPrice": "12900",
    "discountPrice": "\"\"",
    "coupon": "\"\"",
    "productInfo": "냉동|냉동(종이포장)|출고일 기준, 소비기한 100일 이내의 상품을 보내드립니다.|\"\"",
    "detail_filed": "\"\"",
    "description": "설명",
    "simple_description": "간략설명",
    "image_url": "/img/3/169.jpg",
    "image_alt": "통째로 갈아만든 비타민 제주레몬차 20개입",
    "stock": "50",
    "rating": "4.1",
    "reviews": "543",
    "badges": "\"\"",
    "seo_title": "유기농 아몬드 | 이너뷰티 | 쇼핑몰 이름",
    "seo_description": "자연 그대로의 유기농 아몬드, 간편하게 에너지를 충전하세요. 쇼핑몰에서 빠른 배송으로 만나보세요."
  },
  {
    "productId": "170",
    "categoryId": "304",
    "name": "ECO 무라벨 생수 (1LX6개)",
    "originalPrice": "15900",
    "discountPrice": "11900",
    "coupon": "10|가을 기획전 ",
    "productInfo": "냉동|냉동(종이포장)|출고일 기준, 소비기한 100일 이내의 상품을 보내드립니다.|\"\"",
    "detail_filed": "\"\"",
    "description": "설명",
    "simple_description": "간략설명",
    "image_url": "/img/3/170.jpg",
    "image_alt": "ECO 무라벨 생수 (1LX6개)",
    "stock": "60",
    "rating": "4.4",
    "reviews": "125",
    "badges": "S",
    "seo_title": "유기농 아몬드 | 이너뷰티 | 쇼핑몰 이름",
    "seo_description": "자연 그대로의 유기농 아몬드, 간편하게 에너지를 충전하세요. 쇼핑몰에서 빠른 배송으로 만나보세요."
  },
  {
    "productId": "171",
    "categoryId": "305",
    "name": "통째로 갈아만든 레몬",
    "originalPrice": "6590",
    "discountPrice": "5250",
    "coupon": "5|회원 특별 ",
    "productInfo": "냉동|냉동(종이포장)|출고일 기준, 소비기한 100일 이내의 상품을 보내드립니다.|\"\"",
    "detail_filed": "\"\"",
    "description": "설명",
    "simple_description": "간략설명",
    "image_url": "/img/3/171.jpg",
    "image_alt": "통째로 갈아만든 레몬",
    "stock": "40",
    "rating": "4.9",
    "reviews": "456",
    "badges": "S",
    "seo_title": "유기농 아몬드 | 이너뷰티 | 쇼핑몰 이름",
    "seo_description": "자연 그대로의 유기농 아몬드, 간편하게 에너지를 충전하세요. 쇼핑몰에서 빠른 배송으로 만나보세요."
  },
  {
    "productId": "172",
    "categoryId": "305",
    "name": "바로 갈아먹어 건강한 클렌즈 스무디 3종",
    "originalPrice": "16900",
    "discountPrice": "14900",
    "coupon": "10|베스트 리뷰어 ",
    "productInfo": "냉동|냉동(종이포장)|출고일 기준, 소비기한 100일 이내의 상품을 보내드립니다.|\"\"",
    "detail_filed": "\"\"",
    "description": "설명",
    "simple_description": "간략설명",
    "image_url": "/img/3/172.jpg",
    "image_alt": "바로 갈아먹어 건강한 클렌즈 스무디 3종",
    "stock": "30",
    "rating": "4.8",
    "reviews": "852",
    "badges": "S",
    "seo_title": "유기농 아몬드 | 이너뷰티 | 쇼핑몰 이름",
    "seo_description": "자연 그대로의 유기농 아몬드, 간편하게 에너지를 충전하세요. 쇼핑몰에서 빠른 배송으로 만나보세요."
  },
  {
    "productId": "173",
    "categoryId": "305",
    "name": "신비의 작두콩차 (깍지100%) 100g",
    "originalPrice": "28990",
    "discountPrice": "24990",
    "coupon": "5|신규회원  ",
    "productInfo": "냉동|냉동(종이포장)|출고일 기준, 소비기한 100일 이내의 상품을 보내드립니다.|\"\"",
    "detail_filed": "\"\"",
    "description": "설명",
    "simple_description": "간략설명",
    "image_url": "/img/3/173.jpg",
    "image_alt": "신비의 작두콩차 (깍지100%) 100g",
    "stock": "900",
    "rating": "4.7",
    "reviews": "21",
    "badges": "S",
    "seo_title": "유기농 아몬드 | 이너뷰티 | 쇼핑몰 이름",
    "seo_description": "자연 그대로의 유기농 아몬드, 간편하게 에너지를 충전하세요. 쇼핑몰에서 빠른 배송으로 만나보세요."
  },
  {
    "productId": "174",
    "categoryId": "305",
    "name": "유기농 우엉차 70g",
    "originalPrice": "15900",
    "discountPrice": "14300",
    "coupon": "10|가을 기획전 ",
    "productInfo": "냉동|냉동(종이포장)|출고일 기준, 소비기한 100일 이내의 상품을 보내드립니다.|\"\"",
    "detail_filed": "\"\"",
    "description": "설명",
    "simple_description": "간략설명",
    "image_url": "/img/3/174.jpg",
    "image_alt": "유기농 우엉차 70g",
    "stock": "20",
    "rating": "4.6",
    "reviews": "546",
    "badges": "S",
    "seo_title": "유기농 아몬드 | 이너뷰티 | 쇼핑몰 이름",
    "seo_description": "자연 그대로의 유기농 아몬드, 간편하게 에너지를 충전하세요. 쇼핑몰에서 빠른 배송으로 만나보세요."
  },
  {
    "productId": "175",
    "categoryId": "305",
    "name": "복베리 에너지음료 2종 (355mL X 6개)",
    "originalPrice": "18900",
    "discountPrice": "16900",
    "coupon": "5|회원 특별 ",
    "productInfo": "냉동|냉동(종이포장)|출고일 기준, 소비기한 100일 이내의 상품을 보내드립니다.|\"\"",
    "detail_filed": "\"\"",
    "description": "설명",
    "simple_description": "간략설명",
    "image_url": "/img/3/175.jpg",
    "image_alt": "복베리 에너지음료 2종 (355mL X 6개)",
    "stock": "1000",
    "rating": "4.5",
    "reviews": "54",
    "badges": "S",
    "seo_title": "유기농 아몬드 | 이너뷰티 | 쇼핑몰 이름",
    "seo_description": "자연 그대로의 유기농 아몬드, 간편하게 에너지를 충전하세요. 쇼핑몰에서 빠른 배송으로 만나보세요."
  },
  {
    "productId": "176",
    "categoryId": "401",
    "name": "손질 가리비 관자살 500g",
    "originalPrice": "6000",
    "discountPrice": "5000",
    "coupon": "10|베스트 리뷰어 ",
    "productInfo": "냉동|냉동(종이포장)|출고일 기준, 소비기한 100일 이내의 상품을 보내드립니다.|\"\"",
    "detail_filed": "\"\"",
    "description": "설명",
    "simple_description": "간략설명",
    "image_url": "/img/4/176.png",
    "image_alt": "손질 가리비 관자살 500g",
    "stock": "40",
    "rating": "4.9",
    "reviews": "456",
    "badges": "S",
    "seo_title": "유기농 아몬드 | 이너뷰티 | 쇼핑몰 이름",
    "seo_description": "자연 그대로의 유기농 아몬드, 간편하게 에너지를 충전하세요. 쇼핑몰에서 빠른 배송으로 만나보세요."
  },
  {
    "productId": "177",
    "categoryId": "401",
    "name": "국산 손질 꽃게 2종 (냉동000)",
    "originalPrice": "17900",
    "discountPrice": "14900",
    "coupon": "5|신규회원  ",
    "productInfo": "냉동|냉동(종이포장)|출고일 기준, 소비기한 100일 이내의 상품을 보내드립니다.|\"\"",
    "detail_filed": "\"\"",
    "description": "설명",
    "simple_description": "간략설명",
    "image_url": "/img/4/177.jpg",
    "image_alt": "국산 손질 꽃게 2종 (냉동000)",
    "stock": "30",
    "rating": "4.8",
    "reviews": "852",
    "badges": "S",
    "seo_title": "유기농 아몬드 | 이너뷰티 | 쇼핑몰 이름",
    "seo_description": "자연 그대로의 유기농 아몬드, 간편하게 에너지를 충전하세요. 쇼핑몰에서 빠른 배송으로 만나보세요."
  },
  {
    "productId": "178",
    "categoryId": "401",
    "name": "노르웨이 생연어회 200g",
    "originalPrice": "17900",
    "discountPrice": "13900",
    "coupon": "10|가을 기획전 ",
    "productInfo": "냉동|냉동(종이포장)|출고일 기준, 소비기한 100일 이내의 상품을 보내드립니다.|\"\"",
    "detail_filed": "\"\"",
    "description": "설명",
    "simple_description": "간략설명",
    "image_url": "/img/4/178.jpg",
    "image_alt": "노르웨이 생연어회 200g",
    "stock": "900",
    "rating": "4.7",
    "reviews": "21",
    "badges": "S",
    "seo_title": "유기농 아몬드 | 이너뷰티 | 쇼핑몰 이름",
    "seo_description": "자연 그대로의 유기농 아몬드, 간편하게 에너지를 충전하세요. 쇼핑몰에서 빠른 배송으로 만나보세요."
  },
  {
    "productId": "179",
    "categoryId": "401",
    "name": "두툼한 국산 손질오징어 600g (냉동)",
    "originalPrice": "19900",
    "discountPrice": "16200",
    "coupon": "5|회원 특별 ",
    "productInfo": "냉동|냉동(종이포장)|출고일 기준, 소비기한 100일 이내의 상품을 보내드립니다.|\"\"",
    "detail_filed": "\"\"",
    "description": "설명",
    "simple_description": "간략설명",
    "image_url": "/img/4/179.jpg",
    "image_alt": "두툼한 국산 손질오징어 600g (냉동)",
    "stock": "20",
    "rating": "4.6",
    "reviews": "546",
    "badges": "S",
    "seo_title": "유기농 아몬드 | 이너뷰티 | 쇼핑몰 이름",
    "seo_description": "자연 그대로의 유기농 아몬드, 간편하게 에너지를 충전하세요. 쇼핑몰에서 빠른 배송으로 만나보세요."
  },
  {
    "productId": "180",
    "categoryId": "402",
    "name": "백합조개 500g (생물)",
    "originalPrice": "5290",
    "discountPrice": "4790",
    "coupon": "10|베스트 리뷰어 ",
    "productInfo": "냉동|냉동(종이포장)|출고일 기준, 소비기한 100일 이내의 상품을 보내드립니다.|\"\"",
    "detail_filed": "\"\"",
    "description": "설명",
    "simple_description": "간략설명",
    "image_url": "/img/4/180.jpg",
    "image_alt": "백합조개 500g (생물)",
    "stock": "1000",
    "rating": "4.5",
    "reviews": "54",
    "badges": "S",
    "seo_title": "유기농 아몬드 | 이너뷰티 | 쇼핑몰 이름",
    "seo_description": "자연 그대로의 유기농 아몬드, 간편하게 에너지를 충전하세요. 쇼핑몰에서 빠른 배송으로 만나보세요."
  },
  {
    "productId": "181",
    "categoryId": "402",
    "name": "완도 전복 5종 (생물)",
    "originalPrice": "12900",
    "discountPrice": "11900",
    "coupon": "5|신규회원  ",
    "productInfo": "냉동|냉동(종이포장)|출고일 기준, 소비기한 100일 이내의 상품을 보내드립니다.|\"\"",
    "detail_filed": "\"\"",
    "description": "설명",
    "simple_description": "간략설명",
    "image_url": "/img/4/181.jpg",
    "image_alt": "완도 전복 5종 (생물)",
    "stock": "2100",
    "rating": "4.2",
    "reviews": "15",
    "badges": "S",
    "seo_title": "유기농 아몬드 | 이너뷰티 | 쇼핑몰 이름",
    "seo_description": "자연 그대로의 유기농 아몬드, 간편하게 에너지를 충전하세요. 쇼핑몰에서 빠른 배송으로 만나보세요."
  },
  {
    "productId": "182",
    "categoryId": "411",
    "name": "정호영 명란감자채 솥밥 도시락",
    "originalPrice": "6500",
    "discountPrice": "\"\"",
    "coupon": "10|가을 기획전 ",
    "productInfo": "냉동|냉동(종이포장)|출고일 기준, 소비기한 100일 이내의 상품을 보내드립니다.|\"\"",
    "detail_filed": "\"\"",
    "description": "설명",
    "simple_description": "간략설명",
    "image_url": "/img/4/182.jpg",
    "image_alt": "정호영 명란감자채 솥밥 도시락",
    "stock": "200",
    "rating": "4.8",
    "reviews": "230",
    "badges": "\"\"",
    "seo_title": "유기농 아몬드 | 이너뷰티 | 쇼핑몰 이름",
    "seo_description": "자연 그대로의 유기농 아몬드, 간편하게 에너지를 충전하세요. 쇼핑몰에서 빠른 배송으로 만나보세요."
  },
  {
    "productId": "183",
    "categoryId": "412",
    "name": "간편하게 손질된 모리타니아산 데친 문어 250g (냉장)",
    "originalPrice": "14900",
    "discountPrice": "12500",
    "coupon": "\"\"",
    "productInfo": "냉동|냉동(종이포장)|출고일 기준, 소비기한 100일 이내의 상품을 보내드립니다.|\"\"",
    "detail_filed": "\"\"",
    "description": "설명",
    "simple_description": "간략설명",
    "image_url": "/img/4/183.jpg",
    "image_alt": "간편하게 손질된 모리타니아산 데친 문어 250g (냉장)",
    "stock": "20",
    "rating": "4.9",
    "reviews": "10",
    "badges": "S",
    "seo_title": "유기농 아몬드 | 이너뷰티 | 쇼핑몰 이름",
    "seo_description": "자연 그대로의 유기농 아몬드, 간편하게 에너지를 충전하세요. 쇼핑몰에서 빠른 배송으로 만나보세요."
  },
  {
    "productId": "184",
    "categoryId": "412",
    "name": "만지도 무산김(곱창김) 2종",
    "originalPrice": "15900",
    "discountPrice": "14600",
    "coupon": "\"\"",
    "productInfo": "냉동|냉동(종이포장)|출고일 기준, 소비기한 100일 이내의 상품을 보내드립니다.|\"\"",
    "detail_filed": "\"\"",
    "description": "설명",
    "simple_description": "간략설명",
    "image_url": "/img/4/184.jpeg",
    "image_alt": "만지도 무산김(곱창김) 2종",
    "stock": "50",
    "rating": "4.6",
    "reviews": "20",
    "badges": "S|N",
    "seo_title": "유기농 아몬드 | 이너뷰티 | 쇼핑몰 이름",
    "seo_description": "자연 그대로의 유기농 아몬드, 간편하게 에너지를 충전하세요. 쇼핑몰에서 빠른 배송으로 만나보세요."
  },
  {
    "productId": "185",
    "categoryId": "405",
    "name": "간장 생연어장 200g (냉장)",
    "originalPrice": "10790",
    "discountPrice": "9190",
    "coupon": "\"\"",
    "productInfo": "냉동|냉동(종이포장)|출고일 기준, 소비기한 100일 이내의 상품을 보내드립니다.|\"\"",
    "detail_filed": "\"\"",
    "description": "설명",
    "simple_description": "간략설명",
    "image_url": "/img/4/185.jpg",
    "image_alt": "간장 생연어장 200g (냉장)",
    "stock": "30",
    "rating": "4",
    "reviews": "50",
    "badges": "S",
    "seo_title": "유기농 아몬드 | 이너뷰티 | 쇼핑몰 이름",
    "seo_description": "자연 그대로의 유기농 아몬드, 간편하게 에너지를 충전하세요. 쇼핑몰에서 빠른 배송으로 만나보세요."
  },
  {
    "productId": "186",
    "categoryId": "405",
    "name": "손질 가자미살 600g",
    "originalPrice": "11900",
    "discountPrice": "\"\"",
    "coupon": "\"\"",
    "productInfo": "냉동|냉동(종이포장)|출고일 기준, 소비기한 100일 이내의 상품을 보내드립니다.|\"\"",
    "detail_filed": "\"\"",
    "description": "설명",
    "simple_description": "간략설명",
    "image_url": "/img/4/186.jpg",
    "image_alt": "손질 가자미살 600g",
    "stock": "90",
    "rating": "4.5",
    "reviews": "42",
    "badges": "\"\"",
    "seo_title": "유기농 아몬드 | 이너뷰티 | 쇼핑몰 이름",
    "seo_description": "자연 그대로의 유기농 아몬드, 간편하게 에너지를 충전하세요. 쇼핑몰에서 빠른 배송으로 만나보세요."
  },
  {
    "productId": "187",
    "categoryId": "405",
    "name": "장문볼락살 600g (5~7쪽) (냉동)",
    "originalPrice": "12900",
    "discountPrice": "\"\"",
    "coupon": "\"\"",
    "productInfo": "냉동|냉동(종이포장)|출고일 기준, 소비기한 100일 이내의 상품을 보내드립니다.|\"\"",
    "detail_filed": "\"\"",
    "description": "설명",
    "simple_description": "간략설명",
    "image_url": "/img/4/187.jpg",
    "image_alt": "장문볼락살 600g (5~7쪽) (냉동)",
    "stock": "50",
    "rating": "4.1",
    "reviews": "65",
    "badges": "N",
    "seo_title": "유기농 아몬드 | 이너뷰티 | 쇼핑몰 이름",
    "seo_description": "자연 그대로의 유기농 아몬드, 간편하게 에너지를 충전하세요. 쇼핑몰에서 빠른 배송으로 만나보세요."
  },
  {
    "productId": "188",
    "categoryId": "406",
    "name": "영광굴비 (0.6kg 10미 _ 1.2kg 20미)",
    "originalPrice": "15900",
    "discountPrice": "11900",
    "coupon": "\"\"",
    "productInfo": "냉동|냉동(종이포장)|출고일 기준, 소비기한 100일 이내의 상품을 보내드립니다.|\"\"",
    "detail_filed": "\"\"",
    "description": "설명",
    "simple_description": "간략설명",
    "image_url": "/img/4/188.jpg",
    "image_alt": "영광굴비 (0.6kg 10미 _ 1.2kg 20미)",
    "stock": "10",
    "rating": "4.2",
    "reviews": "85",
    "badges": "S",
    "seo_title": "유기농 아몬드 | 이너뷰티 | 쇼핑몰 이름",
    "seo_description": "자연 그대로의 유기농 아몬드, 간편하게 에너지를 충전하세요. 쇼핑몰에서 빠른 배송으로 만나보세요."
  },
  {
    "productId": "189",
    "categoryId": "406",
    "name": "전 국민이 좋아하는 통영굴 200g (중굴, 생물)",
    "originalPrice": "6590",
    "discountPrice": "5250",
    "coupon": "\"\"",
    "productInfo": "냉동|냉동(종이포장)|출고일 기준, 소비기한 100일 이내의 상품을 보내드립니다.|\"\"",
    "detail_filed": "\"\"",
    "description": "설명",
    "simple_description": "간략설명",
    "image_url": "/img/4/189.jpg",
    "image_alt": "전 국민이 좋아하는 통영굴 200g (중굴, 생물)",
    "stock": "40",
    "rating": "5",
    "reviews": "62",
    "badges": "S",
    "seo_title": "유기농 아몬드 | 이너뷰티 | 쇼핑몰 이름",
    "seo_description": "자연 그대로의 유기농 아몬드, 간편하게 에너지를 충전하세요. 쇼핑몰에서 빠른 배송으로 만나보세요."
  },
  {
    "productId": "190",
    "categoryId": "406",
    "name": "오로라 생연어 2종 (냉장)",
    "originalPrice": "16900",
    "discountPrice": "14900",
    "coupon": "10|가을 기획전 ",
    "productInfo": "냉동|냉동(종이포장)|출고일 기준, 소비기한 100일 이내의 상품을 보내드립니다.|\"\"",
    "detail_filed": "\"\"",
    "description": "설명",
    "simple_description": "간략설명",
    "image_url": "/img/4/190.jpeg",
    "image_alt": "오로라 생연어 2종 (냉장)",
    "stock": "900",
    "rating": "4.5",
    "reviews": "12",
    "badges": "S",
    "seo_title": "유기농 아몬드 | 이너뷰티 | 쇼핑몰 이름",
    "seo_description": "자연 그대로의 유기농 아몬드, 간편하게 에너지를 충전하세요. 쇼핑몰에서 빠른 배송으로 만나보세요."
  },
  {
    "productId": "191",
    "categoryId": "408",
    "name": "민물 양념장어",
    "originalPrice": "28990",
    "discountPrice": "24990",
    "coupon": "5|회원 특별 ",
    "productInfo": "냉동|냉동(종이포장)|출고일 기준, 소비기한 100일 이내의 상품을 보내드립니다.|\"\"",
    "detail_filed": "\"\"",
    "description": "설명",
    "simple_description": "간략설명",
    "image_url": "/img/4/191.jpeg",
    "image_alt": "민물 양념장어",
    "stock": "500",
    "rating": "4.6",
    "reviews": "54",
    "badges": "S",
    "seo_title": "유기농 아몬드 | 이너뷰티 | 쇼핑몰 이름",
    "seo_description": "자연 그대로의 유기농 아몬드, 간편하게 에너지를 충전하세요. 쇼핑몰에서 빠른 배송으로 만나보세요."
  },
  {
    "productId": "192",
    "categoryId": "408",
    "name": "내맘속에 국산 오징어 90g",
    "originalPrice": "15900",
    "discountPrice": "14300",
    "coupon": "10|베스트 리뷰어 ",
    "productInfo": "냉동|냉동(종이포장)|출고일 기준, 소비기한 100일 이내의 상품을 보내드립니다.|\"\"",
    "detail_filed": "\"\"",
    "description": "설명",
    "simple_description": "간략설명",
    "image_url": "/img/4/192.jpg",
    "image_alt": "내맘속에 국산 오징어 90g",
    "stock": "400",
    "rating": "4.7",
    "reviews": "32",
    "badges": "S|N",
    "seo_title": "유기농 아몬드 | 이너뷰티 | 쇼핑몰 이름",
    "seo_description": "자연 그대로의 유기농 아몬드, 간편하게 에너지를 충전하세요. 쇼핑몰에서 빠른 배송으로 만나보세요."
  },
  {
    "productId": "193",
    "categoryId": "409",
    "name": "국산 생물 새우 2종 (택1)",
    "originalPrice": "18900",
    "discountPrice": "16900",
    "coupon": "5|신규회원  ",
    "productInfo": "냉동|냉동(종이포장)|출고일 기준, 소비기한 100일 이내의 상품을 보내드립니다.|\"\"",
    "detail_filed": "\"\"",
    "description": "설명",
    "simple_description": "간략설명",
    "image_url": "/img/4/193.jpg",
    "image_alt": "국산 생물 새우 2종 (택1)",
    "stock": "50",
    "rating": "4.1",
    "reviews": "543",
    "badges": "S",
    "seo_title": "유기농 아몬드 | 이너뷰티 | 쇼핑몰 이름",
    "seo_description": "자연 그대로의 유기농 아몬드, 간편하게 에너지를 충전하세요. 쇼핑몰에서 빠른 배송으로 만나보세요."
  },
  {
    "productId": "194",
    "categoryId": "409",
    "name": "노르웨이 고등어 3종 (냉동)",
    "originalPrice": "7500",
    "discountPrice": "6750",
    "coupon": "10|가을 기획전 ",
    "productInfo": "냉동|냉동(종이포장)|출고일 기준, 소비기한 100일 이내의 상품을 보내드립니다.|\"\"",
    "detail_filed": "\"\"",
    "description": "설명",
    "simple_description": "간략설명",
    "image_url": "/img/4/194.jpg",
    "image_alt": "노르웨이 고등어 3종 (냉동)",
    "stock": "60",
    "rating": "4.4",
    "reviews": "125",
    "badges": "S",
    "seo_title": "유기농 아몬드 | 이너뷰티 | 쇼핑몰 이름",
    "seo_description": "자연 그대로의 유기농 아몬드, 간편하게 에너지를 충전하세요. 쇼핑몰에서 빠른 배송으로 만나보세요."
  }
]