[
  {
    "recipeid": "201",
    "recipename": "새우없이 도전하는 브로콜리버섯아히요",
    "writer": "귀여운너구리",
    "hashtag": "#비건|#브로콜리|#버섯",
    "img_url": "/img/recipe/1.jpg",
    "alt": "recipe1",
    "scrap": "3287",
    "view": "7214"
  },
  {
    "recipeid": "202",
    "recipename": "식감 좋은 마늘종비빔우동",
    "writer": "똑똑한호랑이",
    "hashtag": "#비건|#우동|#마늘종",
    "img_url": "/img/recipe/2.jpg",
    "alt": "recipe2",
    "scrap": "3291",
    "view": "5217"
  },
  {
    "recipeid": "203",
    "recipename": "아이들이 너무 좋아해요 버터갈릭고구마",
    "writer": "멋진독수리",
    "hashtag": "#간식|#버터|#고구마",
    "img_url": "/img/recipe/3.jpg",
    "alt": "recipe3",
    "scrap": "6732",
    "view": "9145"
  },
  {
    "recipeid": "204",
    "recipename": "은은한 단맛이 일품! 알배추 스테이크",
    "writer": "사랑스런팬더",
    "hashtag": "#비건|#알배추|#반찬",
    "img_url": "/img/recipe/4.jpg",
    "alt": "recipe4",
    "scrap": "2456",
    "view": "6378"
  },
  {
    "recipeid": "205",
    "recipename": "실패 없는 제육볶음 황금레시피",
    "writer": "용감한늑대",
    "hashtag": "#제육볶음|#고기|#반찬",
    "img_url": "/img/recipe/5.jpg",
    "alt": "recipe5",
    "scrap": "5823",
    "view": "7382"
  },
  {
    "recipeid": "206",
    "recipename": "새우없이 도전하는 브로콜리버섯아히요",
    "writer": "귀여운너구리",
    "hashtag": "#비건|#브로콜리|#버섯",
    "img_url": "/img/recipe/1.jpg",
    "alt": "recipe1",
    "scrap": "3287",
    "view": "7214"
  },
  {
    "recipeid": "207",
    "recipename": "식감 좋은 마늘종비빔우동",
    "writer": "똑똑한호랑이",
    "hashtag": "#비건|#우동|#마늘종",
    "img_url": "/img/recipe/2.jpg",
    "alt": "recipe2",
    "scrap": "3291",
    "view": "5217"
  },
  {
    "recipeid": "208",
    "recipename": "아이들이 너무 좋아해요 버터갈릭고구마",
    "writer": "멋진독수리",
    "hashtag": "#간식|#버터|#고구마",
    "img_url": "/img/recipe/3.jpg",
    "alt": "recipe3",
    "scrap": "6732",
    "view": "9145"
  },
  {
    "recipeid": "209",
    "recipename": "은은한 단맛이 일품! 알배추 스테이크",
    "writer": "사랑스런팬더",
    "hashtag": "#비건|#알배추|#반찬",
    "img_url": "/img/recipe/4.jpg",
    "alt": "recipe4",
    "scrap": "2456",
    "view": "6378"
  },
  {
    "recipeid": "210",
    "recipename": "실패 없는 제육볶음 황금레시피",
    "writer": "용감한늑대",
    "hashtag": "#제육볶음|#고기|#반찬",
    "img_url": "/img/recipe/5.jpg",
    "alt": "recipe5",
    "scrap": "5823",
    "view": "7382"
  }
]